<?xml version="1.0" encoding="utf-8" ?><dwsync><file name="loginCP.php" server="nemonico.com.mx" local="3683973817" remote="3683991900" Dst="-1" /><file name="crear_usuario.php" server="nemonico.com.mx" local="3680224185" remote="3680242140" Dst="-1" /><file name="crear_proyectos.php" server="nemonico.com.mx" local="3681419506" remote="3681437460" Dst="-1" /><file name="mis_proyectos.php" server="nemonico.com.mx" local="3683162679" remote="3683180640" Dst="-1" /><file name="conectdb.php" server="nemonico.com.mx" local="3681411931" remote="3681429900" Dst="-1" /><file name="crear_proyecto_add.php" server="nemonico.com.mx" local="3681416798" remote="3681435060" Dst="-1" /><file name="crear_fase_add.php" server="nemonico.com.mx" local="3682986666" remote="3683004660" Dst="-1" /><file name="crear_tarea.php" server="nemonico.com.mx" local="3683976978" remote="3683994960" Dst="-1" /><file name="index.html" server="nemonico.com.mx" local="3681421350" remote="3681439320" Dst="-1" /><file name="mi_calendario.php" server="nemonico.com.mx" local="3681953788" remote="3681971760" Dst="-1" /><file name="prueba.php" server="nemonico.com.mx" local="3681956226" remote="3681974220" Dst="-1" /><file name="logindb.php" server="nemonico.com.mx" local="3683974634" remote="3683992620" Dst="-1" /><file name="done.php" server="nemonico.com.mx" local="3683156785" remote="3683174760" Dst="-1" /><file name="doing.php" server="nemonico.com.mx" local="3683144763" remote="3683162760" Dst="-1" /></dwsync>