<?xml version="1.0" encoding="utf-8" ?><dwsync><file name="default.html" server="nemonico.com.mx" local="3600196820" remote="3681438000" Dst="-1" /><file name="themes.html" server="nemonico.com.mx" local="3600196856" remote="3681438000" Dst="-1" /><file name="json.html" server="nemonico.com.mx" local="3600196838" remote="3681438000" Dst="-1" /><file name="week-numbers.html" server="nemonico.com.mx" local="3600196856" remote="3681438000" Dst="-1" /><file name="background-events.html" server="nemonico.com.mx" local="3600196814" remote="3681438000" Dst="-1" /><file name="timezones.html" server="nemonico.com.mx" local="3600196856" remote="3681438000" Dst="-1" /><file name="selectable.html" server="nemonico.com.mx" local="3600196856" remote="3681438000" Dst="-1" /><file name="agenda-views.html" server="nemonico.com.mx" local="3600196812" remote="3681438000" Dst="-1" /><file name="external-dragging.html" server="nemonico.com.mx" local="3600196820" remote="3681438000" Dst="-1" /><file name="locales.html" server="nemonico.com.mx" local="3600196846" remote="3681438000" Dst="-1" /><file name="list-views.html" server="nemonico.com.mx" local="3600196844" remote="3681438000" Dst="-1" /><file name="gcal.html" server="nemonico.com.mx" local="3600196826" remote="3681438000" Dst="-1" /><file name="basic-views.html" server="nemonico.com.mx" local="3600196814" remote="3681438000" Dst="-1" /></dwsync>