<?xml version="1.0" encoding="utf-8" ?><dwsync><file name="fullcalendar.css" server="nemonico.com.mx" local="3600196882" remote="3681438000" Dst="-1" /><file name="CONTRIBUTING.txt" server="nemonico.com.mx" local="3600196814" remote="3681438000" Dst="-1" /><file name="gcal.js" server="nemonico.com.mx" local="3600196882" remote="3681438000" Dst="-1" /><file name="fullcalendar.print.css" server="nemonico.com.mx" local="3600196884" remote="3681438000" Dst="-1" /><file name="fullcalendar.min.js" server="nemonico.com.mx" local="3600196882" remote="3681438000" Dst="-1" /><file name="locale-all.js" server="nemonico.com.mx" local="3600196882" remote="3681438000" Dst="-1" /><file name="fullcalendar.js" server="nemonico.com.mx" local="3600196882" remote="3681438000" Dst="-1" /><file name="gcal.min.js" server="nemonico.com.mx" local="3600196882" remote="3681438000" Dst="-1" /><file name="fullcalendar.print.min.css" server="nemonico.com.mx" local="3600196884" remote="3681438000" Dst="-1" /><file name="CHANGELOG.txt" server="nemonico.com.mx" local="3600196814" remote="3681438000" Dst="-1" /><file name="LICENSE.txt" server="nemonico.com.mx" local="3600196812" remote="3681438000" Dst="-1" /><file name="fullcalendar.min.css" server="nemonico.com.mx" local="3600196882" remote="3681438000" Dst="-1" /></dwsync>